	matrix_key	alt_probe_feature	ref_probe_feature
1	APC_____p.R213._____chr5_____112780895_____C_____A	APC-p-R213---ALT-A	APC-p-R213---WT
2	APC_____p.S1298Ffs.3_____chr5_____112839484_____._____T	APC-p-S1298Ffs--3-ALT-T	APC-p-S1298Ffs--3-WT
3	ASXL1_____p.P808Lfs.10_____chr20_____32435134_____C_____.	ASXL1-p-P808Lfs--10-ALT--	ASXL1-p-P808Lfs--10-WT
4	ATM_____p.Q628fs_____chr11_____108252888_____._____T	ATM-p-Q628fs-ALT-T	ATM-p-Q628fs-WT
5	ATM_____p.Y1124._____chr11_____108279578_____C_____G	ATM-p-Y1124---ALT-G	ATM-p-Y1124---WT
6	BAP1_____p.T254Dfs.30_____chr3_____52406277_____._____T	BAP1-p-T254Dfs--30-ALT-T	BAP1-p-T254Dfs--30-WT
7	BAP1_____p.W52G_____chr3_____52408575_____A_____C	BAP1-p-W52G-ALT-C	BAP1-p-W52G-WT
8	BRAF_____p.V600E_____chr7_____140753336_____A_____T	BRAF-p-V600E-ALT-T	BRAF-p-V600E-WT
9	BRCA2_____p.A938fs_____chr13_____32337161_____AAAC_____.	BRCA2-p-A938fs-ALT--	BRCA2-p-A938fs-WT
10	FANCA_____p.E1240fs_____chr16_____89742841_____TGTTT_____.	FANCA-p-E1240fs-ALT--	FANCA-p-E1240fs-WT
11	CTNNB1_____p.S45Y_____chr3_____41224646_____C_____A	CTNNB1-p-S45Y-ALT-A	CTNNB1-p-S45Y-WT
12	DIS3_____p.R780K_____chr13_____72761926_____C_____T	DIS3-p-R780K-ALT-T	DIS3-p-R780K-WT
13	DNAH11_____p.F1662fs_____chr7_____21655854_____TT_____.	DNAH11-p-F1662fs-ALT--	DNAH11-p-F1662fs-WT
14	DNMT3A_____p.R882C_____chr2_____25234374_____G_____A	DNMT3A-p-R882C-ALT-A	DNMT3A-p-R882C-WT
15	EEF1A1_____p.D442H_____chr6_____73517875_____C_____G	EEF1A1-p-D442H-ALT-G	EEF1A1-p-D442H-WT
16	EGFR_____p.A289V_____chr7_____55154129_____C_____T	EGFR-p-A289V-ALT-T	EGFR-p-A289V-WT
17	DIS3_____p.E429Q_____chr13_____72772794_____C_____G	DIS3-p-E429Q-ALT-G	DIS3-p-E429Q-WT
18	EGFR_____p.Q71K_____chr7_____55142408_____C_____A	EGFR-p-Q71K-ALT-A	EGFR-p-Q71K-WT
19	GNAS_____p.R201C_____chr20_____58909365_____C_____T	GNAS-p-R201C-ALT-T	GNAS-p-R201C-WT
20	DLGAP4_____p.Q689._____chr20_____36499642_____C_____T	DLGAP4-p-Q689---ALT-T	DLGAP4-p-Q689---WT
21	IDH1_____p.R132C_____chr2_____208248389_____G_____A	IDH1-p-R132C-ALT-A	IDH1-p-R132C-WT
22	IDH1_____p.R132H_____chr2_____208248388_____C_____T	IDH1-p-R132H-ALT-T	IDH1-p-R132C-WT
23	ASXL1_____p.Q733._____chr20_____32434909_____C_____T	ASXL1-p-Q733---ALT-T	ASXL1-p-Q733---WT
24	IRF4_____p.Q300._____chr6_____401576_____C_____T	IRF4-p-Q300---ALT-T	IRF4-p-Q300---WT
25	JAK2_____p.V617F_____chr9_____5073770_____G_____T	JAK2-p-V617F-ALT-T	JAK2-p-V617F-WT
26	KRAS_____p.G12D_____chr12_____25245350_____C_____T	KRAS-p-G12D-ALT-T	KRAS-p-G12V-WT
27	KRAS_____p.G12V_____chr12_____25245350_____C_____A	KRAS-p-G12V-ALT-A	KRAS-p-G12V-WT
28	KRAS_____p.M111V_____chr12_____25225733_____T_____C	KRAS-p-M111V-ALT-C	KRAS-p-M111V-WT
29	KRAS_____p.Q61H_____chr12_____25227341_____T_____G	KRAS-p-Q61H-ALT-G	KRAS-p-Q61H-WT
30	LDHB_____p.Q307._____chr12_____21635626_____C_____T	LDHB-p-Q307---ALT-T	LDHB-p-Q307---WT
31	MAP1B_____p.E611D_____chr5_____72195188_____A_____T	MAP1B-p-E611D-ALT-T	MAP1B-p-E611D-WT
32	BAP1_____p.T93A_____chr3_____52408056_____T_____C	BAP1-p-T93A-ALT-C	BAP1-p-T93A-WT
33	NPM1_____p.W288Cfs.12_____chr5_____171410541_____._____TGCT	NPM1-p-W288Cfs--12-ALT-TGCT	NPM1-p-W288Cfs--12-WT
34	NRAS_____p.Q61H_____chr1_____114713907_____T_____G	NRAS-p-Q61H-ALT-G	NRAS-p-Q61H-WT
35	PELI1_____p.R46T_____chr2_____64104765_____C_____G	PELI1-p-R46T-ALT-G	PELI1-p-R46T-WT
36	PIK3CA_____p.E545K_____chr3_____179218303_____G_____A	PIK3CA-p-E545K-ALT-A	PIK3CA-p-E545K-WT
37	SF3B1_____p.K700E_____chr2_____197402110_____T_____C	SF3B1-p-K700E-ALT-C	SF3B1-p-K700E-WT
38	SMG1_____p.K3172T_____chr16_____18829374_____T_____G	SMG1-p-K3172T-ALT-G	SMG1-p-K3172T-WT
39	TP53_____p.R282W_____chr17_____7673776_____G_____A	TP53-p-R282W-ALT-A	TP53-p-R282W-WT
40	TP53_____p.Y220C_____chr17_____7674872_____T_____C	TP53-p-Y220C-ALT-C	TP53-p-Y220C-WT
41	TPD52L1_____p.A21._____chr6_____125220121_____A_____T	TPD52L1-p-A21---ALT-T	TPD52L1-p-A21---WT
42	PGAP2_____p..316Rext.40_____chr11_____3825456_____T_____C	PGAP2-p---316Rext--40-ALT-C	PGAP2-p---316Rext--40-WT
