index	Chromosome	Start	Stop	Ref_allele	Alt_allele	HGVSc	hugo_symbol	HGVSp_short	hugo_HGVSp	bamrc_parsed_alt_allele	bamrc_parsed_ref_allele	alt_probe_feature	ref_probe_feature	matrix_key	Chromosome__Start_key
1	chr11	108252888	108252889	-	T	NA	ATM	p.Q628fs	ATM_p.Q628fs	+T	A	ATM-p-Q628fs-ALT-T	ATM-p-Q628fs-WT	ATM_____p.Q628fs_____chr11_____108252888_____._____T	chr11__108252888
2	chr16	89742841	89742845	TGTTT	-	NA	FANCA	p.E1240fs	FANCA_p.E1240fs	-TGTTT	T	FANCA-p-E1240fs-ALT--	FANCA-p-E1240fs-WT	FANCA_____p.E1240fs_____chr16_____89742841_____TGTTT_____.	chr16__89742841
3	chr5	112839484	112839485	-	T	c.3892dup	APC	p.S1298Ffs*3	APC_p.S1298Ffs*3	+T	A	APC-p-S1298Ffs--3-ALT-T	APC-p-S1298Ffs--3-WT	APC_____p.S1298Ffs.3_____chr5_____112839484_____._____T	chr5__112839484
4	chr13	32337161	32337164	AAAC	-	NA	BRCA2	p.A938fs	BRCA2_p.A938fs	-AAAC	A	BRCA2-p-A938fs-ALT--	BRCA2-p-A938fs-WT	BRCA2_____p.A938fs_____chr13_____32337161_____AAAC_____.	chr13__32337161
5	chr11	108279578	108279578	C	G	NA	ATM	p.Y1124*	ATM_p.Y1124*	G	C	ATM-p-Y1124---ALT-G	ATM-p-Y1124---WT	ATM_____p.Y1124._____chr11_____108279578_____C_____G	chr11__108279578
6	chr17	7674872	7674872	T	C	NA	TP53	p.Y220C	TP53_p.Y220C	C	T	TP53-p-Y220C-ALT-C	TP53-p-Y220C-WT	TP53_____p.Y220C_____chr17_____7674872_____T_____C	chr17__7674872
7	chr3	41224646	41224646	C	A	c.134C>A	CTNNB1	p.S45Y	CTNNB1_p.S45Y	A	C	CTNNB1-p-S45Y-ALT-A	CTNNB1-p-S45Y-WT	CTNNB1_____p.S45Y_____chr3_____41224646_____C_____A	chr3__41224646
8	chr20	36499642	36499642	C	T	NA	DLGAP4	p.Q689*	DLGAP4_p.Q689*	T	C	DLGAP4-p-Q689---ALT-T	DLGAP4-p-Q689---WT	DLGAP4_____p.Q689._____chr20_____36499642_____C_____T	chr20__36499642
9	chr2	208248389	208248389	G	A	c.394C>T	IDH1	p.R132C	IDH1_p.R132C	A	G	IDH1-p-R132C-ALT-A	IDH1-p-R132C-WT	IDH1_____p.R132C_____chr2_____208248389_____G_____A	chr2__208248389
10	chr2	208248388	208248388	C	T	NA	IDH1	p.R132H	IDH1_p.R132H	T	C	IDH1-p-R132H-ALT-T	IDH1-p-R132C-WT	IDH1_____p.R132H_____chr2_____208248388_____C_____T	chr2__208248388
11	chr5	112780895	112780895	C	A	NA	APC	p.R213*	APC_p.R213*	A	C	APC-p-R213---ALT-A	APC-p-R213---WT	APC_____p.R213._____chr5_____112780895_____C_____A	chr5__112780895
12	chr3	52408056	52408056	T	C	NA	BAP1	p.T93A	BAP1_p.T93A	C	T	BAP1-p-T93A-ALT-C	BAP1-p-T93A-WT	BAP1_____p.T93A_____chr3_____52408056_____T_____C	chr3__52408056
13	chr13	72772794	72772794	C	G	c.1285G>C	DIS3	p.E429Q	DIS3_p.E429Q	G	C	DIS3-p-E429Q-ALT-G	DIS3-p-E429Q-WT	DIS3_____p.E429Q_____chr13_____72772794_____C_____G	chr13__72772794
14	chr13	72761926	72761926	C	T	c.2339G>A	DIS3	p.R780K	DIS3_p.R780K	T	C	DIS3-p-R780K-ALT-T	DIS3-p-R780K-WT	DIS3_____p.R780K_____chr13_____72761926_____C_____T	chr13__72761926
15	chr6	401576	401576	C	T	c.898C>T	IRF4	p.Q300*	IRF4_p.Q300*	T	C	IRF4-p-Q300---ALT-T	IRF4-p-Q300---WT	IRF4_____p.Q300._____chr6_____401576_____C_____T	chr6__401576
16	chr1	114713907	114713907	T	G	c.183A>C	NRAS	p.Q61H	NRAS_p.Q61H	G	T	NRAS-p-Q61H-ALT-G	NRAS-p-Q61H-WT	NRAS_____p.Q61H_____chr1_____114713907_____T_____G	chr1__114713907
17	chr17	7673776	7673776	G	A	NA	TP53	p.R282W	TP53_p.R282W	A	G	TP53-p-R282W-ALT-A	TP53-p-R282W-WT	TP53_____p.R282W_____chr17_____7673776_____G_____A	chr17__7673776
18	chr7	140753336	140753336	A	T	NA	BRAF	p.V600E	BRAF_p.V600E	T	A	BRAF-p-V600E-ALT-T	BRAF-p-V600E-WT	BRAF_____p.V600E_____chr7_____140753336_____A_____T	chr7__140753336
19	chr20	58909365	58909365	C	T	c.601C>T	GNAS	p.R201C	GNAS_p.R201C	T	C	GNAS-p-R201C-ALT-T	GNAS-p-R201C-WT	GNAS_____p.R201C_____chr20_____58909365_____C_____T	chr20__58909365
20	chr12	25245350	25245350	C	T	c.35G>A	KRAS	p.G12D	KRAS_p.G12D	T	C	KRAS-p-G12D-ALT-T	KRAS-p-G12V-WT	KRAS_____p.G12D_____chr12_____25245350_____C_____T	chr12__25245350
21	chr12	25245350	25245350	C	A	c.35G>T	KRAS	p.G12V	KRAS_p.G12V	A	C	KRAS-p-G12V-ALT-A	KRAS-p-G12V-WT	KRAS_____p.G12V_____chr12_____25245350_____C_____A	chr12__25245350
22	chr12	25227341	25227341	T	G	c.182A>C	KRAS	p.Q61H	KRAS_p.Q61H	G	T	KRAS-p-Q61H-ALT-G	KRAS-p-Q61H-WT	KRAS_____p.Q61H_____chr12_____25227341_____T_____A	chr12__25227341
23	chr3	179218303	179218303	G	A	NA	PIK3CA	p.E545K	PIK3CA_p.E545K	A	G	PIK3CA-p-E545K-ALT-A	PIK3CA-p-E545K-WT	PIK3CA_____p.E545K_____chr3_____179218303_____G_____A	chr3__179218303
24	chr2	64104765	64104765	C	G	NA	PELI1	p.R46T	PELI1_p.R46T	G	C	PELI1-p-R46T-ALT-G	PELI1-p-R46T-WT	PELI1_____p.R46T_____chr2_____64104765_____C_____G	chr2__64104765
25	chr16	18829374	18829374	T	G	c.9515A>C	SMG1	p.K3172T	SMG1_p.K3172T	G	T	SMG1-p-K3172T-ALT-G	SMG1-p-K3172T-WT	SMG1_____p.K3172T_____chr16_____18829374_____T_____G	chr16__18829374
26	chr6	73517875	73517875	C	G	NA	EEF1A1	p.D442H	EEF1A1_p.D442H	G	C	EEF1A1-p-D442H-ALT-G	EEF1A1-p-D442H-WT	EEF1A1_____p.D442H_____chr6_____73517875_____C_____G	chr6__73517875
27	chr5	72195188	72195188	A	T	NA	MAP1B	p.E611D	MAP1B_p.E611D	T	A	MAP1B-p-E611D-ALT-T	MAP1B-p-E611D-WT	MAP1B_____p.E611D_____chr5_____72195188_____A_____T	chr5__72195188
28	chr11	3825456	3825456	T	C	NA	PGAP2	p.*316Rext*40	PGAP2_p.*316Rext*40	C	T	PGAP2-p---316Rext--40-ALT-C	PGAP2-p---316Rext--40-WT	PGAP2_____p..316Rext.40_____chr11_____3825456_____T_____C	chr11__3825456
29	chr6	125220121	125220121	A	T	NA	TPD52L1	p.A21=	TPD52L1_p.A21=	T	A	TPD52L1-p-A21---ALT-T	TPD52L1-p-A21---WT	TPD52L1_____p.A21._____chr6_____125220121_____A_____T	chr6__125220121
30	chr12	21635626	21635626	C	T	NA	LDHB	p.Q307=	LDHB_p.Q307=	T	C	LDHB-p-Q307---ALT-T	LDHB-p-Q307---WT	LDHB_____p.Q307._____chr12_____21635626_____C_____T	chr12__21635626
